Year,Observation status,Nature of data points,Observation-level footnotes,Unit multiplier,Source details,Frequency of observation,Reporting type,SERIES,Reference area,UNIT_MEASURE,Value
2016,Normal value,Not Available,Proportion of population that feel safe walking alone around the area they live in,Units,"MINIJUST, GALLUP WORLD POLL",Annual,National,Proportion of population that feel safe walking alone around the area they live in [16.1.4],Rwanda,Percent,79
2017,Normal value,Not Available,Proportion of population that feel safe walking alone around the area they live in,Units,"MINIJUST, GALLUP WORLD POLL",Annual,National,Proportion of population that feel safe walking alone around the area they live in [16.1.4],Rwanda,Percent,87
2018,Normal value,Not Available,Proportion of population that feel safe walking alone around the area they live in,Units,"MINIJUST, GALLUP WORLD POLL",Annual,National,Proportion of population that feel safe walking alone around the area they live in [16.1.4],Rwanda,Percent,88
2019,Normal value,Not Available,Proportion of population that feel safe walking alone around the area they live in,Units,"MINIJUST, GALLUP WORLD POLL",Annual,National,Proportion of population that feel safe walking alone around the area they live in [16.1.4],Rwanda,Percent,84
