Year,Observation status,Nature of data points,Observation-level footnotes,Unit multiplier,Source details,Frequency of observation,Reporting type,SERIES,Reference area,UNIT_MEASURE,Value
2013,Normal value,Not Available,"Rwanda adopts and implements constitutional, statutory and/or policy guarantees for public access to information (1 = Yes; 0 = No)",Units,"MINIJUST, MITEC",Annual,National,"Rwanda adopts and implements constitutional, statutory and/or policy guarantees for public access to information (1 = Yes; 0 = No)",Rwanda,Boolean or binary measure,1
2014,Normal value,Not Available,"Rwanda adopts and implements constitutional, statutory and/or policy guarantees for public access to information (1 = Yes; 0 = No)",Units,"MINIJUST, MITEC",Annual,National,"Rwanda adopts and implements constitutional, statutory and/or policy guarantees for public access to information (1 = Yes; 0 = No)",Rwanda,Boolean or binary measure,1
2015,Normal value,Not Available,"Rwanda adopts and implements constitutional, statutory and/or policy guarantees for public access to information (1 = Yes; 0 = No)",Units,"MINIJUST, MITEC",Annual,National,"Rwanda adopts and implements constitutional, statutory and/or policy guarantees for public access to information (1 = Yes; 0 = No)",Rwanda,Boolean or binary measure,1
2016,Normal value,Not Available,"Rwanda adopts and implements constitutional, statutory and/or policy guarantees for public access to information (1 = Yes; 0 = No)",Units,"MINIJUST, MITEC",Annual,National,"Rwanda adopts and implements constitutional, statutory and/or policy guarantees for public access to information (1 = Yes; 0 = No)",Rwanda,Boolean or binary measure,1
2017,Normal value,Not Available,"Rwanda adopts and implements constitutional, statutory and/or policy guarantees for public access to information (1 = Yes; 0 = No)",Units,"MINIJUST, MITEC",Annual,National,"Rwanda adopts and implements constitutional, statutory and/or policy guarantees for public access to information (1 = Yes; 0 = No)",Rwanda,Boolean or binary measure,1
2018,Normal value,Not Available,"Rwanda adopts and implements constitutional, statutory and/or policy guarantees for public access to information (1 = Yes; 0 = No)",Units,"MINIJUST, MITEC",Annual,National,"Rwanda adopts and implements constitutional, statutory and/or policy guarantees for public access to information (1 = Yes; 0 = No)",Rwanda,Boolean or binary measure,1
2019,Normal value,Not Available,"Rwanda adopts and implements constitutional, statutory and/or policy guarantees for public access to information (1 = Yes; 0 = No)",Units,"MINIJUST, MITEC",Annual,National,"Rwanda adopts and implements constitutional, statutory and/or policy guarantees for public access to information (1 = Yes; 0 = No)",Rwanda,Boolean or binary measure,1
2020,Normal value,Not Available,"Rwanda adopts and implements constitutional, statutory and/or policy guarantees for public access to information (1 = Yes; 0 = No)",Units,"MINIJUST, MITEC",Annual,National,"Rwanda adopts and implements constitutional, statutory and/or policy guarantees for public access to information (1 = Yes; 0 = No)",Rwanda,Boolean or binary measure,1
