Year,Observation status,Nature of data points,Observation-level footnotes,Unit multiplier,Source details,Frequency of observation,Reporting type,SERIES,Reference area,UNIT_MEASURE,Value
2015,Normal value,Not Available,"Countries with National Human Rights Institutions in compliance with the Paris Principles, A status (1 = YES; 0 = NO)",Units,National Commission for Human  Rights,Annual,National,"Countries with National Human Rights Institutions in compliance with the Paris Principles, A status (1 = YES; 0 = NO) [16.a.1]",Rwanda,Boolean or binary measure,1
2016,Normal value,Not Available,"Countries with National Human Rights Institutions in compliance with the Paris Principles, A status (1 = YES; 0 = NO)",Units,National Commission for Human  Rights,Annual,National,"Countries with National Human Rights Institutions in compliance with the Paris Principles, A status (1 = YES; 0 = NO) [16.a.1]",Rwanda,Boolean or binary measure,1
2017,Normal value,Not Available,"Countries with National Human Rights Institutions in compliance with the Paris Principles, A status (1 = YES; 0 = NO)",Units,National Commission for Human  Rights,Annual,National,"Countries with National Human Rights Institutions in compliance with the Paris Principles, A status (1 = YES; 0 = NO) [16.a.1]",Rwanda,Boolean or binary measure,1
2018,Normal value,Not Available,"Countries with National Human Rights Institutions in compliance with the Paris Principles, A status (1 = YES; 0 = NO)",Units,National Commission for Human  Rights,Annual,National,"Countries with National Human Rights Institutions in compliance with the Paris Principles, A status (1 = YES; 0 = NO) [16.a.1]",Rwanda,Boolean or binary measure,1
2019,Normal value,Not Available,"Countries with National Human Rights Institutions in compliance with the Paris Principles, A status (1 = YES; 0 = NO)",Units,National Commission for Human  Rights,Annual,National,"Countries with National Human Rights Institutions in compliance with the Paris Principles, A status (1 = YES; 0 = NO) [16.a.1]",Rwanda,Boolean or binary measure,1
2020,Normal value,Not Available,"Countries with National Human Rights Institutions in compliance with the Paris Principles, A status (1 = YES; 0 = NO)",Units,National Commission for Human  Rights,Annual,National,"Countries with National Human Rights Institutions in compliance with the Paris Principles, A status (1 = YES; 0 = NO) [16.a.1]",Rwanda,Boolean or binary measure,1
