Year,Observation status,Nature of data points,Observation-level footnotes,Unit multiplier,Source details,Frequency of observation,Reporting type,SERIES,Reference area,UNIT_MEASURE,Value
2019,Normal value,Not Available,Plant Genetic Resources,Units,MINAGRI (Rwanda National Gene Bank-RNGB),Annual,National,Plant Genetic Resources,Rwanda,Number,1335
2020,Normal value,Not Available,Plant Genetic Resources,Units,MINAGRI (Rwanda National Gene Bank-RNGB),Annual,National,Plant Genetic Resources,Rwanda,Number,1363
2019,Normal value,Not Available,Forest Genetic Resources,Units,MINAGRI (Rwanda National Gene Bank-RNGB),Annual,National,Forest Genetic Resources,Rwanda,Number,58
2020,Normal value,Not Available,Forest Genetic Resources,Units,MINAGRI (Rwanda National Gene Bank-RNGB),Annual,National,Forest Genetic Resources,Rwanda,Number,62
2019,Normal value,Not Available,Animal Genetic Resources,Units,MINAGRI (Rwanda National Gene Bank-RNGB),Annual,National,Animal Genetic Resources,Rwanda,Number,173
2020,Normal value,Not Available,Animal Genetic Resources,Units,MINAGRI (Rwanda National Gene Bank-RNGB),Annual,National,Animal Genetic Resources,Rwanda,Number,192
