Year,Observation status,Nature of data points,Observation-level footnotes,Unit multiplier,Source details,Frequency of observation,Reporting type,SERIES,Reference area,Sex,UNIT_MEASURE,Value
2015,Normal value,Not Available,Percentage of men subjected to physical violence by a current or former intimate partner in the previous 12 months,Units,"DHS, NISR",Annual,National,Percentage of men subjected to physical violence by a current or former intimate partner in the previous 12 months,Rwanda,Male,Percent,6.5
2015,Normal value,Not Available,Percentage of ever-partnered women and girls subjected to physical violence by a current or former intimate partner in the previous 12 months,Units,"DHS, NISR",Annual,National,Proportion of ever-partnered women and girls subjected to physical violence by a current or former intimate partner in the previous 12 months [5.2.1],Rwanda,Female,Percent,17.6
2015,Normal value,Not Available,Percentage of men subjected to sexual violence by a current or former intimate partner in the previous 12 months,Units,"DHS, NISR",Annual,National,Percentage of men subjected to sexual violence by a current or former intimate partner in the previous 12 months,Rwanda,Male,Percent,1.2
2015,Normal value,Not Available,Percentage of ever-partnered women and girls subjected to sexual violence by a current or former intimate partner in the previous 12 months,Units,"DHS, NISR",Annual,National,Proportion of ever-partnered women and girls subjected to sexual violence by a current or former intimate partner in the previous 12 months [5.2.1],Rwanda,Female,Percent,8.3
2015,Normal value,Not Available,Percentage of men to emotional violence by a current or former intimate partner in the previous 12 months,Units,"DHS, NISR",Annual,National,Percentage of men to emotional violence by a current or former intimate partner in the previous 12 months,Rwanda,Male,Percent,14.0
2015,Normal value,Not Available,Percentage of ever-partnered women and girls subjected to psychological violence by a current or former intimate partner in the previous 12 months,Units,"DHS, NISR",Annual,National,Proportion of ever-partnered women and girls subjected to psychological violence by a current or former intimate partner in the previous 12 months [5.2.1],Rwanda,Female,Percent,18.5
