Year,Observation status,Nature of data points,Observation-level footnotes,Unit multiplier,Source details,Frequency of observation,Reporting type,SERIES,Reference area,UNIT_MEASURE,Value
2005,Normal value,Not Available,Proportion of population with access to electricity,Units,"EICV, NISR",Annual,National,Proportion of population with access to electricity [7.1.1],Rwanda,Percent,4.3
2011,Normal value,Not Available,Proportion of population with access to electricity,Units,"EICV, NISR",Annual,National,Proportion of population with access to electricity [7.1.1],Rwanda,Percent,11.1
2014,Normal value,Not Available,Proportion of population with access to electricity,Units,"EICV, NISR",Annual,National,Proportion of population with access to electricity [7.1.1],Rwanda,Percent,21.5
2017,Normal value,Not Available,Proportion of population with access to electricity,Units,"EICV, NISR",Annual,National,Proportion of population with access to electricity [7.1.1],Rwanda,Percent,34.4
2020,Normal value,Not Available,Proportion of population with access to electricity,Units,"EICV, NISR",Annual,National,Proportion of population with access to electricity [7.1.1],Rwanda,Percent,57.3
