Year,Observation status,Nature of data points,Observation-level footnotes,Unit multiplier,Source details,Frequency of observation,Reporting type,SERIES,Reference area,Degree of urbanisation,UNIT_MEASURE,Value
2017,Normal value,Not Available,Proportion (%) of Households with primary reliance on clean cooking fuels,Units,"EICV, NISR",Annual,National,Proportion (%) of Households with primary reliance on clean cooking fuels,Rwanda,,Percent,1.2
2020,Normal value,Not Available,Proportion (%) of Households with primary reliance on clean cooking fuels,Units,"EICV, NISR",Annual,National,Proportion (%) of Households with primary reliance on clean cooking fuels,Rwanda,,Percent,4.2
2017,Normal value,Not Available,Proportion (%) of Households with primary reliance on clean cooking fuels,Units,"EICV, NISR",Annual,National,Proportion (%) of Households with primary reliance on clean cooking fuels,Rwanda,Urban,Percent,5.2
2017,Normal value,Not Available,Proportion (%) of Households with primary reliance on clean cooking fuels,Units,"EICV, NISR",Annual,National,Proportion (%) of Households with primary reliance on clean cooking fuels,Rwanda,Rural,Percent,0.2
