Year,Observation status,Nature of data points,Observation-level footnotes,Unit multiplier,Source details,Frequency of observation,Reporting type,SERIES,Reference area,Sex,Age,UNIT_MEASURE,Value
2014,Normal value,Not Available,Proportion of children engaged in economic activity,Units,"EICV, NISR",Annual,National,Proportion of children engaged in economic activity [8.7.1],Rwanda,,5 to 17 years old,Percent,5.5
2017,Normal value,Not Available,Proportion of children engaged in economic activity,Units,"EICV, NISR",Annual,National,Proportion of children engaged in economic activity [8.7.1],Rwanda,,5 to 17 years old,Percent,3.6
2014,Normal value,Not Available,Proportion of children engaged in economic activity,Units,"EICV, NISR",Annual,National,Proportion of children engaged in economic activity [8.7.1],Rwanda,Male,5 to 17 years old,Percent,6.4
2017,Normal value,Not Available,Proportion of children engaged in economic activity,Units,"EICV, NISR",Annual,National,Proportion of children engaged in economic activity [8.7.1],Rwanda,Male,5 to 17 years old,Percent,4.0
2014,Normal value,Not Available,Proportion of children engaged in economic activity,Units,"EICV, NISR",Annual,National,Proportion of children engaged in economic activity [8.7.1],Rwanda,Female,5 to 17 years old,Percent,4.7
2017,Normal value,Not Available,Proportion of children engaged in economic activity,Units,"EICV, NISR",Annual,National,Proportion of children engaged in economic activity [8.7.1],Rwanda,Female,5 to 17 years old,Percent,3.2
