Year,Observation status,Nature of data points,Observation-level footnotes,Unit multiplier,Source details,Frequency of observation,Reporting type,SERIES,Reference area,UNIT_MEASURE,Value
2017,Normal value,Not Available,"Existence of a developed and operationalized national strategy for youth employment, as a distinct strategy or as part of a national employment strategy",Units,MINECOFIN,Annual,National,"Existence of a developed and operationalized national strategy for youth employment, as a distinct strategy or as part of a national employment strategy [8.b.1]",Rwanda,Boolean or binary measure,1
2018,Normal value,Not Available,"Existence of a developed and operationalized national strategy for youth employment, as a distinct strategy or as part of a national employment strategy",Units,MINECOFIN,Annual,National,"Existence of a developed and operationalized national strategy for youth employment, as a distinct strategy or as part of a national employment strategy [8.b.1]",Rwanda,Boolean or binary measure,1
2019,Normal value,Not Available,"Existence of a developed and operationalized national strategy for youth employment, as a distinct strategy or as part of a national employment strategy",Units,MINECOFIN,Annual,National,"Existence of a developed and operationalized national strategy for youth employment, as a distinct strategy or as part of a national employment strategy [8.b.1]",Rwanda,Boolean or binary measure,1
2020,Normal value,Not Available,"Existence of a developed and operationalized national strategy for youth employment, as a distinct strategy or as part of a national employment strategy",Units,MINECOFIN,Annual,National,"Existence of a developed and operationalized national strategy for youth employment, as a distinct strategy or as part of a national employment strategy [8.b.1]",Rwanda,Boolean or binary measure,1
