Year,OBS_STATUS,NATURE,COMMENT_OBS,UNIT_MULT,SOURCE_DETAIL,FREQ,REPORTING_TYPE,SERIES,REF_AREA,URBANISATION,COMPOSITE_BREAKDOWN,UNIT_MEASURE,Value
2017,A,_X,Proportion of youth and adults with information and communications technology (ICT) skills - ICT Skill: Copying or moving a file or a folder,0,"EICV, NISR",A,N,SE_ADT_ACTS,RW,,SKILL_ICTCMFL,PT,4.6
2020,A,_X,Proportion of youth and adults with information and communications technology (ICT) skills - ICT Skill: Copying or moving a file or a folder,0,"EICV, NISR",A,N,SE_ADT_ACTS,RW,,SKILL_ICTCMFL,PT,5.2
2017,A,_X,Proportion of youth and adults with information and communications technology (ICT) skills  - ICT Skill: Copying or moving a file or a folder,0,"EICV, NISR",A,N,SE_ADT_ACTS,RW,U,SKILL_ICTCMFL,PT,12.6
2017,A,_X,Proportion of youth and adults with information and communications technology (ICT) skills  - ICT Skill: Copying or moving a file or a folder,0,"EICV, NISR",A,N,SE_ADT_ACTS,RW,R,SKILL_ICTCMFL,PT,2.3
2017,A,_X,Proportion of youth and adults with information and communications technology (ICT) skills - ICT Skill: Using Copy and Paste,0,"EICV, NISR",A,N,SE_ADT_ACTS,RW,,SKILL_ICTCPT,PT,4.3
2020,A,_X,Proportion of youth and adults with information and communications technology (ICT) skills - ICT Skill: Using Copy and Paste,0,"EICV, NISR",A,N,SE_ADT_ACTS,RW,,SKILL_ICTCPT,PT,7.3
2017,A,_X,Proportion of youth and adults with information and communications technology (ICT) skills - ICT Skill: Using Copy and Paste,0,"EICV, NISR",A,N,SE_ADT_ACTS,RW,U,SKILL_ICTCPT,PT,11.7
2017,A,_X,Proportion of youth and adults with information and communications technology (ICT) skills - ICT Skill: Using Copy and Paste,0,"EICV, NISR",A,N,SE_ADT_ACTS,RW,R,SKILL_ICTCPT,PT,2.2
2017,A,_X,Proportion of youth and adults with information and communications technology (ICT) skills - ICT Skill: Sending e-mails with attached files,0,"EICV, NISR",A,N,SE_ADT_ACTS,RW,,SKILL_ICTATCH,PT,2.8
2020,A,_X,Proportion of youth and adults with information and communications technology (ICT) skills - ICT Skill: Sending e-mails with attached files,0,"EICV, NISR",A,N,SE_ADT_ACTS,RW,,SKILL_ICTATCH,PT,3.8
2017,A,_X,Proportion of youth and adults with information and communications technology (ICT) skills - ICT Skill: Sending e-mails with attached files,0,"EICV, NISR",A,N,SE_ADT_ACTS,RW,U,SKILL_ICTATCH,PT,8.6
2017,A,_X,Proportion of youth and adults with information and communications technology (ICT) skills - ICT Skill: Sending e-mails with attached files,0,"EICV, NISR",A,N,SE_ADT_ACTS,RW,R,SKILL_ICTATCH,PT,1.2
2017,A,_X,Proportion of youth and adults with information and communications technology (ICT) skills - ICT Skill: Using basic arithmetic formulae in a spreadsheet,0,"EICV, NISR",A,N,SE_ADT_ACTS,RW,,SKILL_ICTSSHT,PT,2.6
2020,A,_X,Proportion of youth and adults with information and communications technology (ICT) skills - ICT Skill: Using basic arithmetic formulae in a spreadsheet,0,"EICV, NISR",A,N,SE_ADT_ACTS,RW,,SKILL_ICTSSHT,PT,3.6
2017,A,_X,Proportion of youth and adults with information and communications technology (ICT) skills - ICT Skill: Using basic arithmetic formulae in a spreadsheet,0,"EICV, NISR",A,N,SE_ADT_ACTS,RW,U,SKILL_ICTSSHT,PT,7.5
2017,A,_X,Proportion of youth and adults with information and communications technology (ICT) skills - ICT Skill: Using basic arithmetic formulae in a spreadsheet,0,"EICV, NISR",A,N,SE_ADT_ACTS,RW,R,SKILL_ICTSSHT,PT,1.2
2017,A,_X,Proportion of youth and adults with information and communications technology (ICT) skills - ICT Skill: Connecting and installing new devices,0,"EICV, NISR",A,N,SE_ADT_ACTS,RW,,SKILL_ICTCDV,PT,2.6
2020,A,_X,Proportion of youth and adults with information and communications technology (ICT) skills - ICT Skill: Connecting and installing new devices,0,"EICV, NISR",A,N,SE_ADT_ACTS,RW,,SKILL_ICTCDV,PT,4.0
2017,A,_X,Proportion of youth and adults with information and communications technology (ICT) skills - ICT Skill: Connecting and installing new devices,0,"EICV, NISR",A,N,SE_ADT_ACTS,RW,U,SKILL_ICTCDV,PT,7.8
2017,A,_X,Proportion of youth and adults with information and communications technology (ICT) skills - ICT Skill: Connecting and installing new devices,0,"EICV, NISR",A,N,SE_ADT_ACTS,RW,R,SKILL_ICTCDV,PT,1.1
2017,A,_X,"Proportion of youth and adults with information and communications technology (ICT) skills - ICT Skill: Finding, downloading installing and configuring software",0,"EICV, NISR",A,N,SE_ADT_ACTS,RW,,SKILL_ICTSFWR,PT,1.6
2020,A,_X,"Proportion of youth and adults with information and communications technology (ICT) skills - ICT Skill: Finding, downloading installing and configuring software",0,"EICV, NISR",A,N,SE_ADT_ACTS,RW,,SKILL_ICTSFWR,PT,2.3
2017,A,_X,"Proportion of youth and adults with information and communications technology (ICT) skills - ICT Skill: Finding, downloading installing and configuring software",0,"EICV, NISR",A,N,SE_ADT_ACTS,RW,U,SKILL_ICTSFWR,PT,5.1
2017,A,_X,"Proportion of youth and adults with information and communications technology (ICT) skills - ICT Skill: Finding, downloading installing and configuring software",0,"EICV, NISR",A,N,SE_ADT_ACTS,RW,R,SKILL_ICTSFWR,PT,0.6
2017,A,_X,Proportion of youth and adults with information and communications technology (ICT) skills - ICT Skill: Creating electronic presentations with presentation software,0,"EICV, NISR",A,N,SE_ADT_ACTS,RW,,SKILL_ICTPST,PT,0.9
2020,A,_X,Proportion of youth and adults with information and communications technology (ICT) skills - ICT Skill: Creating electronic presentations with presentation software,0,"EICV, NISR",A,N,SE_ADT_ACTS,RW,,SKILL_ICTPST,PT,1.8
2017,A,_X,Proportion of youth and adults with information and communications technology (ICT) skills - ICT Skill: Creating electronic presentations with presentation software,0,"EICV, NISR",A,N,SE_ADT_ACTS,RW,U,SKILL_ICTPST,PT,2.8
2017,A,_X,Proportion of youth and adults with information and communications technology (ICT) skills - ICT Skill: Creating electronic presentations with presentation software,0,"EICV, NISR",A,N,SE_ADT_ACTS,RW,R,SKILL_ICTPST,PT,0.4
2017,A,_X,Proportion of youth and adults with information and communications technology (ICT) skills - ICT Skill: Transferring files between a computer and other devices,0,"EICV, NISR",A,N,SE_ADT_ACTS,RW,,SKILL_ICTTRFF,PT,1.8
2020,A,_X,Proportion of youth and adults with information and communications technology (ICT) skills - ICT Skill: Transferring files between a computer and other devices,0,"EICV, NISR",A,N,SE_ADT_ACTS,RW,,SKILL_ICTTRFF,PT,3.3
2017,A,_X,Proportion of youth and adults with information and communications technology (ICT) skills - ICT Skill: Transferring files between a computer and other devices,0,"EICV, NISR",A,N,SE_ADT_ACTS,RW,U,SKILL_ICTTRFF,PT,5.4
2017,A,_X,Proportion of youth and adults with information and communications technology (ICT) skills - ICT Skill: Transferring files between a computer and other devices,0,"EICV, NISR",A,N,SE_ADT_ACTS,RW,R,SKILL_ICTTRFF,PT,0.8
2017,A,_X,Proportion of youth and adults with information and communications technology (ICT) skills  - ICT Skill: Writing a computer program using a specialized programming language,0,"EICV, NISR",A,N,SE_ADT_ACTS,RW,,SKILL_ICTPRGM,PT,1.8
2020,A,_X,Proportion of youth and adults with information and communications technology (ICT) skills  - ICT Skill: Writing a computer program using a specialized programming language,0,"EICV, NISR",A,N,SE_ADT_ACTS,RW,,SKILL_ICTPRGM,PT,0.9
2017,A,_X,Proportion of youth and adults with information and communications technology (ICT) skills  - ICT Skill: Writing a computer program using a specialized programming language,0,"EICV, NISR",A,N,SE_ADT_ACTS,RW,U,SKILL_ICTPRGM,PT,5.4
2017,A,_X,Proportion of youth and adults with information and communications technology (ICT) skills  - ICT Skill: Writing a computer program using a specialized programming language,0,"EICV, NISR",A,N,SE_ADT_ACTS,RW,R,SKILL_ICTPRGM,PT,0.8
