Year,OBS_STATUS,NATURE,COMMENT_OBS,UNIT_MULT,SOURCE_DETAIL,FREQ,REPORTING_TYPE,SERIES,REF_AREA,UNIT_MEASURE,Value
2017,A,_X,"Existence of a developed and operationalized national strategy for youth employment, as a distinct strategy or as part of a national employment strategy",0,MINECOFIN,A,N,SL_CPA_YEMP,RW,BOOL,1
2018,A,_X,"Existence of a developed and operationalized national strategy for youth employment, as a distinct strategy or as part of a national employment strategy",0,MINECOFIN,A,N,SL_CPA_YEMP,RW,BOOL,1
2019,A,_X,"Existence of a developed and operationalized national strategy for youth employment, as a distinct strategy or as part of a national employment strategy",0,MINECOFIN,A,N,SL_CPA_YEMP,RW,BOOL,1
2020,A,_X,"Existence of a developed and operationalized national strategy for youth employment, as a distinct strategy or as part of a national employment strategy",0,MINECOFIN,A,N,SL_CPA_YEMP,RW,BOOL,1
